timebar_1m,symbol,open_price,high_price,low_price,close_price,volume
2017-10-26T13:00:00Z,btcusd,5712,5712,5712,5712,28.560000
2017-10-26T13:01:00Z,btcusd,5712,5990,5712,5990,3444.024800
2017-10-26T13:02:00Z,btcusd,5712,5990,5400,5804,14672.427200
2017-10-26T13:03:00Z,btcusd,5804,5804,5719,5719,9963.392600
2017-10-26T13:04:00Z,btcusd,5719,5719,5719,5719,3488.590000
2017-10-26T13:05:00Z,btcusd,5719,5719,5700,5713,15895.525600
2017-10-26T13:06:00Z,btcusd,5713,5713,5713,5713,0
2017-10-26T13:07:00Z,btcusd,5713,5713,5713,5713,0
2017-10-26T13:08:00Z,btcusd,5720,5720,5700,5700,57.049700
2017-10-26T13:09:00Z,btcusd,5692,5694.300000,5601,5601,32605.390990
2017-10-26T13:10:00Z,btcusd,5684,5684,5684,5684,2967.616400
2017-10-26T13:11:00Z,btcusd,5694.300000,5694.300000,5694.300000,5694.300000,16992.930060
2017-10-26T13:12:00Z,btcusd,5692,5692,5615,5644.800000,11023.509280
2017-10-26T13:13:00Z,btcusd,5692,5692,5688,5692,9673.200000
2017-10-26T13:14:00Z,btcusd,5692,5692,5616,5688,20733.526420
2017-10-26T13:15:00Z,btcusd,5651.410000,5680,5651.410000,5680,23609.953212
2017-10-26T13:16:00Z,btcusd,5680,5690,5679,5680,18437.627400
2017-10-26T13:17:00Z,btcusd,5693,5699,5693,5699,9509.291200
2017-10-26T13:18:00Z,btcusd,5693,5693,5664,5664,53275.091300
2017-10-26T13:19:00Z,btcusd,5673.940000,5684.720000,5665,5684.720000,12119.710560
2017-10-26T13:20:00Z,btcusd,5688,5688,5688,5688,1706.400000
2017-10-26T13:21:00Z,btcusd,5690,5690,5683,5688,17730.259100
2017-10-26T13:22:00Z,btcusd,5682.310000,5688,5682.310000,5688,66133.218400
2017-10-26T13:23:00Z,btcusd,5681.670000,5681.670000,5681.670000,5681.670000,32544.605760
2017-10-26T13:24:00Z,btcusd,5684,5684,5684,5684,2087.164800
2017-10-26T13:25:00Z,btcusd,5681,5681,5681,5681,2494.527100
2017-10-26T13:26:00Z,btcusd,5681,5681,5681,5681,965.201900
2017-10-26T13:27:00Z,btcusd,5681,5681,5681,5681,1390.708800
2017-10-26T13:28:00Z,btcusd,5681,5686.680000,5681,5686.680000,38743.181676
2017-10-26T13:29:00Z,btcusd,5686.680000,5686.680000,5686.680000,5686.680000,5.686680
2017-10-26T13:30:00Z,btcusd,5686.680000,5686.680000,5686.680000,5686.680000,37729.984464
2017-10-26T13:31:00Z,btcusd,5686.680000,5686.680000,5686.680000,5686.680000,0
2017-10-26T13:32:00Z,btcusd,5686.680000,5686.680000,5686.680000,5686.680000,0
2017-10-26T13:33:00Z,btcusd,5690,5690,5690,5690,2340.866000
2017-10-26T13:34:00Z,btcusd,5690,5730,5690,5711.160000,13583.817388
2017-10-26T13:35:00Z,btcusd,5695.690000,5695.690000,5695.690000,5695.690000,33799.363598
2017-10-26T13:36:00Z,btcusd,5724.270000,5724.270000,5724.270000,5724.270000,25309.859805
2017-10-26T13:37:00Z,btcusd,5724.270000,5724.270000,5724.270000,5724.270000,57242.700000
2017-10-26T13:38:00Z,btcusd,5696.690000,5696.690000,5696.690000,5696.690000,45102.973406
2017-10-26T13:39:00Z,btcusd,5696.690000,5724.260000,5696.690000,5724.260000,114209.500000
2017-10-26T13:40:00Z,btcusd,5696.690000,5696.690000,5696.690000,5696.690000,56966.900000
2017-10-26T13:41:00Z,btcusd,5708.180000,5708.180000,5708.180000,5708.180000,27539.114410
2017-10-26T13:42:00Z,btcusd,5724.270000,5724.270000,5724.270000,5724.270000,57242.700000
2017-10-26T13:43:00Z,btcusd,5724.270000,5724.270000,5724.270000,5724.270000,104060.931903
2017-10-26T13:44:00Z,btcusd,5724.270000,5724.270000,5724.270000,5724.270000,2094.510393
2017-10-26T13:45:00Z,btcusd,5706.700000,5706.700000,5706.700000,5706.700000,1603.012030
2017-10-26T13:46:00Z,btcusd,5706.700000,5730,5706.700000,5710.950000,80472.813680
2017-10-26T13:47:00Z,btcusd,5706.700000,5706.700000,5706.700000,5706.700000,51225.621880
2017-10-26T13:48:00Z,btcusd,5709.700000,5709.700000,5709.700000,5709.700000,15576.632570
2017-10-26T13:49:00Z,btcusd,5706.700000,5706.700000,5706.700000,5706.700000,57067
2017-10-26T13:50:00Z,btcusd,5721.800000,5721.800000,5721.800000,5721.800000,8487.718120
2017-10-26T13:51:00Z,btcusd,5724.270000,5724.270000,5705,5712.790000,15858.851186
2017-10-26T13:52:00Z,btcusd,5724.270000,5724.270000,5724.270000,5724.270000,45794.160000
2017-10-26T13:53:00Z,btcusd,5710.700000,5710.700000,5710.700000,5710.700000,13421.858210
2017-10-26T13:54:00Z,btcusd,5719.260000,5719.260000,5719.260000,5719.260000,5.719260
2017-10-26T13:55:00Z,btcusd,5711.150000,5711.150000,5711.150000,5711.150000,25805.260160
2017-10-26T13:56:00Z,btcusd,5710.700000,5710.700000,5710.700000,5710.700000,35301.834190
2017-10-26T13:57:00Z,btcusd,5710.700000,5724.270000,5710.700000,5724.270000,26578.182440
2017-10-26T13:58:00Z,btcusd,5705,5705.200000,5705,5705.200000,46.211780
2017-10-26T13:59:00Z,btcusd,5705,5705,5705,5705,222.495000
2017-10-26T14:00:00Z,btcusd,5700.010000,5700.010000,5700.010000,5700.010000,19991.075072
2017-10-26T14:01:00Z,btcusd,5700.010000,5705,5700.010000,5705,3864.614265
2017-10-26T14:02:00Z,btcusd,5705,5705,5705,5705,11.410000
2017-10-26T14:03:00Z,btcusd,5701,5705,5701,5705,46.757800
2017-10-26T14:04:00Z,btcusd,5705,5706,5705,5706,68462.060020
2017-10-26T14:05:00Z,btcusd,5705,5710.700000,5705,5710.700000,2262.155120
2017-10-26T14:06:00Z,btcusd,5724.270000,5730,5724.270000,5730,60722.529000
2017-10-26T14:07:00Z,btcusd,5706,5706,5700.030000,5700.030000,93371.552336
2017-10-26T14:08:00Z,btcusd,5706,5706,5700.030000,5700.030000,57008.355918
2017-10-26T14:09:00Z,btcusd,5706.010000,5716.800000,5706.010000,5716.800000,45157.499080
2017-10-26T14:10:00Z,btcusd,5701.010000,5701.010000,5701.010000,5701.010000,51099.292832
2017-10-26T14:11:00Z,btcusd,5707.800000,5720.110000,5707.800000,5720.110000,37340.293759
2017-10-26T14:12:00Z,btcusd,5710.770000,5710.770000,5710.770000,5710.770000,5.710770
2017-10-26T14:13:00Z,btcusd,5707.800000,5707.800000,5707.800000,5707.800000,23424.240420
2017-10-26T14:14:00Z,btcusd,5707.800000,5707.800000,5707.800000,5707.800000,5.707800
2017-10-26T14:15:00Z,btcusd,5724.270000,5724.270000,5724.270000,5724.270000,31547.024397
2017-10-26T14:16:00Z,btcusd,5707.800000,5707.800000,5702,5702,31783.171860
2017-10-26T14:17:00Z,btcusd,5702,5702,5702,5702,0
2017-10-26T14:18:00Z,btcusd,5702,5702,5702,5702,0
2017-10-26T14:19:00Z,btcusd,5702,5702,5702,5702,0
2017-10-26T14:20:00Z,btcusd,5702,5702,5702,5702,0
2017-10-26T14:21:00Z,btcusd,5701.010000,5701.010000,5701.010000,5701.010000,18889.726534
2017-10-26T14:22:00Z,btcusd,5701.010000,5701.200000,5701.010000,5701.200000,14948.654497
2017-10-26T14:23:00Z,btcusd,5701.200000,5701.200000,5701.200000,5701.200000,24778.555440
2017-10-26T14:24:00Z,btcusd,5714.280000,5714.280000,5714.280000,5714.280000,25972.545456
2017-10-26T14:25:00Z,btcusd,5714.280000,5714.280000,5714.280000,5714.280000,3055.996944
2017-10-26T14:26:00Z,btcusd,5707.700000,5707.700000,5707.700000,5707.700000,31846.682920
2017-10-26T14:27:00Z,btcusd,5714.280000,5714.280000,5707.710000,5707.710000,51099.217695
2017-10-26T14:28:00Z,btcusd,5702.010000,5707.710000,5702.010000,5707.710000,46231.881000
2017-10-26T14:29:00Z,btcusd,5714.280000,5714.280000,5714.280000,5714.280000,5.714280
2017-10-26T14:30:00Z,btcusd,5710.180000,5710.180000,5710.180000,5710.180000,5.710180
2017-10-26T14:31:00Z,btcusd,5714.280000,5714.280000,5714.280000,5714.280000,32624.538804
2017-10-26T14:32:00Z,btcusd,5707.710000,5714.280000,5707.710000,5714.280000,39558.039885
2017-10-26T14:33:00Z,btcusd,5707.710000,5707.710000,5707.710000,5707.710000,31090.467141
2017-10-26T14:34:00Z,btcusd,5702.010000,5714.280000,5702.010000,5714.280000,1213.399998
2017-10-26T14:35:00Z,btcusd,5707.710000,5707.710000,5707.710000,5707.710000,31261.698441
2017-10-26T14:36:00Z,btcusd,5714.280000,5714.280000,5714.280000,5714.280000,14590.842552
2017-10-26T14:37:00Z,btcusd,5714.280000,5714.280000,5714.280000,5714.280000,2005.712280
2017-10-26T14:38:00Z,btcusd,5714.280000,5714.280000,5707.710000,5707.710000,25901.110386
2017-10-26T14:39:00Z,btcusd,5714.280000,5714.280000,5714.280000,5714.280000,32333.110524
2017-10-26T14:40:00Z,btcusd,5714.280000,5714.280000,5714.280000,5714.280000,34623.965376
2017-10-26T14:41:00Z,btcusd,5714.280000,5714.280000,5714.280000,5714.280000,5624.565804
2017-10-26T14:42:00Z,btcusd,5714.280000,5714.280000,5714.280000,5714.280000,15879.412692
2017-10-26T14:43:00Z,btcusd,5714.280000,5714.280000,5714.280000,5714.280000,15265.127592
2017-10-26T14:44:00Z,btcusd,5707.710000,5707.710000,5707.710000,5707.710000,5.707710
2017-10-26T14:45:00Z,btcusd,5712.280000,5712.280000,5712.280000,5712.280000,5.712280
2017-10-26T14:46:00Z,btcusd,5712.280000,5712.280000,5712.280000,5712.280000,4524.125760
2017-10-26T14:47:00Z,btcusd,5712.280000,5712.280000,5712.280000,5712.280000,44543.216984
2017-10-26T14:48:00Z,btcusd,5707.720000,5707.720000,5707.720000,5707.720000,5.707720
2017-10-26T14:49:00Z,btcusd,5712.280000,5712.280000,5712.280000,5712.280000,45698.240000
2017-10-26T14:50:00Z,btcusd,5707.720000,5707.720000,5707.720000,5707.720000,7913.183008
2017-10-26T14:51:00Z,btcusd,5707.720000,5707.720000,5702.020000,5702.020000,41075.572780
2017-10-26T14:52:00Z,btcusd,5707.720000,5712.280000,5707.720000,5712.280000,52073.880924
2017-10-26T14:53:00Z,btcusd,5712.280000,5712.280000,5712.280000,5712.280000,5.712280
2017-10-26T14:54:00Z,btcusd,5708,5708,5708,5708,5.708000
2017-10-26T14:55:00Z,btcusd,5702.300000,5710.680000,5691,5691,109072.789523
2017-10-26T14:56:00Z,btcusd,5691,5691,5691,5691,0
2017-10-26T14:57:00Z,btcusd,5691,5691,5691,5691,0
2017-10-26T14:58:00Z,btcusd,5691,5691,5691,5691,0
2017-10-26T14:59:00Z,btcusd,5680.020000,5680.020000,5680.020000,5680.020000,935.499294
2017-10-26T15:00:00Z,btcusd,5680.020000,5680.120000,5680.020000,5680.020000,362.958468
2017-10-26T15:01:00Z,btcusd,5680.020000,5680.020000,5613,5613,56327.897124
2017-10-26T15:02:00Z,btcusd,5613,5621.500000,5606.600000,5606.600000,31280.787218
2017-10-26T15:03:00Z,btcusd,5610.020000,5610.020000,5610.020000,5610.020000,1421.579068
2017-10-26T15:04:00Z,btcusd,5610.020000,5610.020000,5610.020000,5610.020000,1472.630250
2017-10-26T15:05:00Z,btcusd,5610.020000,5610.020000,5610,5610.020000,7014.207856
2017-10-26T15:06:00Z,btcusd,5674.430000,5674.430000,5674.430000,5674.430000,737.108457
2017-10-26T15:07:00Z,btcusd,5666.260000,5666.260000,5666.260000,5666.260000,65013.533988
2017-10-26T15:08:00Z,btcusd,5666.500000,5666.500000,5615.630000,5615.630000,38966.457451
2017-10-26T15:09:00Z,btcusd,5647.330000,5647.330000,5647.330000,5647.330000,13745.601220
2017-10-26T15:10:00Z,btcusd,5619.470000,5619.470000,5619.470000,5619.470000,31265.607186
2017-10-26T15:11:00Z,btcusd,5680.020000,5680.120000,5644.450000,5644.450000,15256.197795
2017-10-26T15:12:00Z,btcusd,5634.900000,5634.900000,5634.900000,5634.900000,41818.846860
2017-10-26T15:13:00Z,btcusd,5615.500000,5658.880000,5615.500000,5658.880000,80272.934982
2017-10-26T15:14:00Z,btcusd,5666.130000,5666.130000,5666.130000,5666.130000,21738.674358
2017-10-26T15:15:00Z,btcusd,5659.510000,5659.710000,5659.510000,5659.710000,26800.424563
2017-10-26T15:16:00Z,btcusd,5653.280000,5653.280000,5653.280000,5653.280000,39879.933104
2017-10-26T15:17:00Z,btcusd,5642.570000,5642.570000,5642.570000,5642.570000,20484.786128
2017-10-26T15:18:00Z,btcusd,5615.630000,5615.630000,5615.630000,5615.630000,5346.641323
2017-10-26T15:19:00Z,btcusd,5638.870000,5638.870000,5638.870000,5638.870000,3500.046609
2017-10-26T15:20:00Z,btcusd,5661.710000,5661.710000,5630.590000,5630.590000,29213.221217
2017-10-26T15:21:00Z,btcusd,5657.540000,5657.540000,5657.540000,5657.540000,5.657540
2017-10-26T15:22:00Z,btcusd,5660.010000,5660.010000,5660.010000,5660.010000,17986.945779
2017-10-26T15:23:00Z,btcusd,5617.630000,5617.630000,5617.630000,5617.630000,33029.979111
2017-10-26T15:24:00Z,btcusd,5657.920000,5666,5657.920000,5666,68498.313984
2017-10-26T15:25:00Z,btcusd,5661.730000,5661.730000,5661.730000,5661.730000,5.661730
2017-10-26T15:26:00Z,btcusd,5618,5618.010000,5618,5618.010000,1664.054362
2017-10-26T15:27:00Z,btcusd,5661.160000,5661.160000,5618.010000,5623.620000,37281.622358
2017-10-26T15:28:00Z,btcusd,5623.620000,5623.620000,5623.620000,5623.620000,0
2017-10-26T15:29:00Z,btcusd,5654.340000,5654.340000,5654.340000,5654.340000,42785.825346
2017-10-26T15:30:00Z,btcusd,5637.010000,5637.010000,5625.180000,5625.180000,66519.015512
2017-10-26T15:31:00Z,btcusd,5619,5654.340000,5619,5654.340000,31247.999682
2017-10-26T15:32:00Z,btcusd,5654.340000,5654.340000,5654.340000,5654.340000,35795.930238
2017-10-26T15:33:00Z,btcusd,5650.080000,5650.080000,5650.080000,5650.080000,17618.079456
2017-10-26T15:34:00Z,btcusd,5627.390000,5627.390000,5627.390000,5627.390000,5.627390
2017-10-26T15:35:00Z,btcusd,5653.340000,5653.340000,5653.340000,5653.340000,8447.785962
2017-10-26T15:36:00Z,btcusd,5625.230000,5625.230000,5625.230000,5625.230000,4593.000295
2017-10-26T15:37:00Z,btcusd,5636.710000,5653.340000,5636.710000,5653.340000,41255.656659
2017-10-26T15:38:00Z,btcusd,5653.340000,5653.340000,5653.340000,5653.340000,0
2017-10-26T15:39:00Z,btcusd,5652.590000,5659,5635.630000,5635.630000,53302.509096
2017-10-26T15:40:00Z,btcusd,5635.630000,5635.630000,5635.630000,5635.630000,26657.093463
2017-10-26T15:41:00Z,btcusd,5630,5649.580000,5630,5649.580000,26639.181718
2017-10-26T15:42:00Z,btcusd,5653.340000,5653.340000,5653.340000,5653.340000,18431.584402
2017-10-26T15:43:00Z,btcusd,5635.630000,5645.550000,5635.630000,5645.550000,31815.395522
2017-10-26T15:44:00Z,btcusd,5636.630000,5636.630000,5636.630000,5636.630000,5.636630
2017-10-26T15:45:00Z,btcusd,5649.430000,5649.430000,5649.430000,5649.430000,5.649430
2017-10-26T15:46:00Z,btcusd,5653.340000,5653.340000,5653.340000,5653.340000,23490.193034
2017-10-26T15:47:00Z,btcusd,5646.220000,5646.220000,5646.220000,5646.220000,45169.760000
2017-10-26T15:48:00Z,btcusd,5653.340000,5653.340000,5653.340000,5653.340000,4845.477714
2017-10-26T15:49:00Z,btcusd,5640.630000,5640.630000,5640.630000,5640.630000,28603.634730
2017-10-26T15:50:00Z,btcusd,5640.630000,5640.630000,5640.630000,5640.630000,38183.680722
2017-10-26T15:51:00Z,btcusd,5650.630000,5650.630000,5650.630000,5650.630000,9828.140759
2017-10-26T15:52:00Z,btcusd,5653.340000,5653.340000,5653.340000,5653.340000,39672.878784
2017-10-26T15:53:00Z,btcusd,5653.340000,5653.340000,5653.340000,5653.340000,20391.597380
2017-10-26T15:54:00Z,btcusd,5653.240000,5653.240000,5653.240000,5653.240000,37172.879620
2017-10-26T15:55:00Z,btcusd,5640.630000,5659,5640.630000,5659,741.876530
2017-10-26T15:56:00Z,btcusd,5653.340000,5653.340000,5653.340000,5653.340000,5.653340
2017-10-26T15:57:00Z,btcusd,5653.340000,5653.340000,5653.340000,5653.340000,13194.330226
2017-10-26T15:58:00Z,btcusd,5637.540000,5637.540000,5637.540000,5637.540000,45100.320000
2017-10-26T15:59:00Z,btcusd,5626.120000,5626.120000,5626.120000,5626.120000,3819.572868
2017-10-26T16:00:00Z,btcusd,5653.340000,5653.340000,5653.340000,5653.340000,26506.815258
2017-10-26T16:01:00Z,btcusd,5650,5650,5631.740000,5631.740000,40808.604356
2017-10-26T16:02:00Z,btcusd,5644.350000,5644.350000,5644.350000,5644.350000,29975.449545
2017-10-26T16:03:00Z,btcusd,5644.350000,5650,5644.350000,5650,47979.800000
2017-10-26T16:04:00Z,btcusd,5650,5650,5650,5650,0
2017-10-26T16:05:00Z,btcusd,5650,5680.120000,5650,5650.640000,43435.902904
2017-10-26T16:06:00Z,btcusd,5674.430000,5674.430000,5674.430000,5674.430000,45395.440000
2017-10-26T16:07:00Z,btcusd,5655.700000,5655.700000,5655.700000,5655.700000,92.753480
2017-10-26T16:08:00Z,btcusd,5674.430000,5674.430000,5632,5637.630000,5493.657802
2017-10-26T16:09:00Z,btcusd,5637.630000,5637.630000,5637.630000,5637.630000,5.637630
2017-10-26T16:10:00Z,btcusd,5643.670000,5643.670000,5643.670000,5643.670000,21180.693510
2017-10-26T16:11:00Z,btcusd,5674.430000,5674.430000,5674.430000,5674.430000,38779.054620
2017-10-26T16:12:00Z,btcusd,5674.430000,5674.430000,5674.430000,5674.430000,44526.684767
2017-10-26T16:13:00Z,btcusd,5645.640000,5645.640000,5645.640000,5645.640000,17863.934088
2017-10-26T16:14:00Z,btcusd,5645.640000,5645.640000,5645.640000,5645.640000,69379.269960
2017-10-26T16:15:00Z,btcusd,5645.640000,5645.640000,5645.640000,5645.640000,22190.188020
2017-10-26T16:16:00Z,btcusd,5674.430000,5674.430000,5674.430000,5674.430000,5.674430
2017-10-26T16:17:00Z,btcusd,5645.640000,5668.750000,5645.640000,5668.750000,37587.565102
2017-10-26T16:18:00Z,btcusd,5645.650000,5645.650000,5645.650000,5645.650000,5858.491005
2017-10-26T16:19:00Z,btcusd,5662.330000,5662.330000,5662.330000,5662.330000,5.662330
2017-10-26T16:20:00Z,btcusd,5662.330000,5662.330000,5662.330000,5662.330000,22204.827095
2017-10-26T16:21:00Z,btcusd,5645.740000,5645.740000,5645.740000,5645.740000,3960.486610
2017-10-26T16:22:00Z,btcusd,5662.330000,5662.330000,5662.330000,5662.330000,67515.357988
2017-10-26T16:23:00Z,btcusd,5662.330000,5662.330000,5662.330000,5662.330000,22439.247557
2017-10-26T16:24:00Z,btcusd,5645.750000,5645.750000,5645.750000,5645.750000,22387.092475
2017-10-26T16:25:00Z,btcusd,5669.690000,5669.690000,5669.690000,5669.690000,5.669690
2017-10-26T16:26:00Z,btcusd,5663.440000,5663.440000,5650,5650,6811.197528
2017-10-26T16:27:00Z,btcusd,5670.080000,5670.080000,5655.650000,5655.650000,41951.999219
2017-10-26T16:28:00Z,btcusd,5674.430000,5674.430000,5674.430000,5674.430000,14632.652641
2017-10-26T16:29:00Z,btcusd,5655.650000,5655.650000,5655.650000,5655.650000,16194.388210
2017-10-26T16:30:00Z,btcusd,5655.650000,5655.650000,5655.650000,5655.650000,16057.521480
2017-10-26T16:31:00Z,btcusd,5674.430000,5674.430000,5674.430000,5674.430000,45395.440000
2017-10-26T16:32:00Z,btcusd,5660,5680.120000,5655.650000,5674.430000,53744.609939
2017-10-26T16:33:00Z,btcusd,5663.950000,5663.950000,5663.950000,5663.950000,41072.133425
2017-10-26T16:34:00Z,btcusd,5670.880000,5670.880000,5670.880000,5670.880000,14135.802576
2017-10-26T16:35:00Z,btcusd,5655.650000,5674.430000,5655.650000,5674.430000,90640.640000
2017-10-26T16:36:00Z,btcusd,5674.430000,5674.430000,5674.430000,5674.430000,0
2017-10-26T16:37:00Z,btcusd,5674.430000,5727.460000,5674.430000,5727.460000,47566.799006
2017-10-26T16:38:00Z,btcusd,5680.120000,5726.970000,5680.120000,5726.970000,6669.428226
2017-10-26T16:39:00Z,btcusd,5685.800000,5685.800000,5685.800000,5685.800000,3589.445540
2017-10-26T16:40:00Z,btcusd,5712.630000,5712.630000,5712.630000,5712.630000,5.712630
2017-10-26T16:41:00Z,btcusd,5712.630000,5712.630000,5712.630000,5712.630000,0
2017-10-26T16:42:00Z,btcusd,5680.150000,5680.150000,5680.150000,5680.150000,47.145245
2017-10-26T16:43:00Z,btcusd,5680.150000,5680.150000,5680.150000,5680.150000,0
2017-10-26T16:44:00Z,btcusd,5680.150000,5680.150000,5680.150000,5680.150000,0
2017-10-26T16:45:00Z,btcusd,5680.150000,5680.150000,5680.150000,5680.150000,0
2017-10-26T16:46:00Z,btcusd,5680.150000,5680.150000,5680.150000,5680.150000,0
2017-10-26T16:47:00Z,btcusd,5722.810000,5760,5680.150000,5695.480000,22091.354666
2017-10-26T16:48:00Z,btcusd,5680.150000,5680.150000,5680.150000,5680.150000,56.801500
2017-10-26T16:49:00Z,btcusd,5714.670000,5714.670000,5714.670000,5714.670000,5.714670
2017-10-26T16:50:00Z,btcusd,5738.530000,5738.530000,5738.530000,5738.530000,5.738530
2017-10-26T16:51:00Z,btcusd,5738.530000,5738.530000,5738.530000,5738.530000,0
2017-10-26T16:52:00Z,btcusd,5718.530000,5718.530000,5718.530000,5718.530000,28377.061419
2017-10-26T16:53:00Z,btcusd,5760,5760,5760,5760,1728
2017-10-26T16:54:00Z,btcusd,5710.080000,5710.080000,5710.080000,5710.080000,19976.143872
2017-10-26T16:55:00Z,btcusd,5711.680000,5711.680000,5711.680000,5711.680000,24513.388224
2017-10-26T16:56:00Z,btcusd,5711.680000,5711.680000,5711.680000,5711.680000,0
2017-10-26T16:57:00Z,btcusd,5722.800000,5722.800000,5722.800000,5722.800000,21101.108160
2017-10-26T16:58:00Z,btcusd,5713.270000,5713.270000,5713.270000,5713.270000,5.713270
2017-10-26T16:59:00Z,btcusd,5690.960000,5690.960000,5690.960000,5690.960000,16976.133680
2017-10-26T17:00:00Z,btcusd,5754.240000,5754.240000,5754.240000,5754.240000,1048.997952
2017-10-26T17:01:00Z,btcusd,5754.240000,5754.240000,5754.240000,5754.240000,0
2017-10-26T17:02:00Z,btcusd,5735.750000,5735.750000,5681,5681,18279.561500
2017-10-26T17:03:00Z,btcusd,5707.580000,5707.580000,5707.580000,5707.580000,29301.003446
2017-10-26T17:04:00Z,btcusd,5737.270000,5737.270000,5737.270000,5737.270000,29627.836007
2017-10-26T17:05:00Z,btcusd,5753.630000,5753.630000,5753.630000,5753.630000,5.753630
2017-10-26T17:06:00Z,btcusd,5753.630000,5753.630000,5753.630000,5753.630000,0
2017-10-26T17:07:00Z,btcusd,5728.760000,5728.760000,5728.760000,5728.760000,42548.073396
2017-10-26T17:08:00Z,btcusd,5717.460000,5717.460000,5717.460000,5717.460000,11027.265102
2017-10-26T17:09:00Z,btcusd,5721.750000,5721.750000,5721.750000,5721.750000,16742.984850
2017-10-26T17:10:00Z,btcusd,5721.750000,5721.750000,5721.750000,5721.750000,0
2017-10-26T17:11:00Z,btcusd,5685.130000,5724.430000,5681,5724.430000,2946.367925
2017-10-26T17:12:00Z,btcusd,5695.370000,5695.370000,5695.370000,5695.370000,5.695370
2017-10-26T17:13:00Z,btcusd,5695.370000,5695.370000,5695.370000,5695.370000,0
2017-10-26T17:14:00Z,btcusd,5701.120000,5701.120000,5701.120000,5701.120000,22361.502976
2017-10-26T17:15:00Z,btcusd,5723.010000,5723.010000,5723.010000,5723.010000,1977.299955
2017-10-26T17:16:00Z,btcusd,5723.010000,5723.010000,5723.010000,5723.010000,0
2017-10-26T17:17:00Z,btcusd,5753.240000,5753.240000,5753.240000,5753.240000,26274.471756
2017-10-26T17:18:00Z,btcusd,5687.390000,5687.390000,5687.390000,5687.390000,7072.838204
2017-10-26T17:19:00Z,btcusd,5687.390000,5687.390000,5687.390000,5687.390000,0
2017-10-26T17:20:00Z,btcusd,5696.130000,5696.130000,5696.130000,5696.130000,15630.180720
2017-10-26T17:21:00Z,btcusd,5722.700000,5722.700000,5722.700000,5722.700000,5.722700
2017-10-26T17:22:00Z,btcusd,5706.430000,5706.430000,5706.430000,5706.430000,5.706430
2017-10-26T17:23:00Z,btcusd,5753.240000,5753.240000,5753.240000,5753.240000,13111.058636
2017-10-26T17:24:00Z,btcusd,5745.600000,5745.600000,5745.600000,5745.600000,26837.123040
2017-10-26T17:25:00Z,btcusd,5745.600000,5745.600000,5745.600000,5745.600000,0
2017-10-26T17:26:00Z,btcusd,5731.790000,5731.790000,5731.790000,5731.790000,12933.210956
2017-10-26T17:27:00Z,btcusd,5730.660000,5730.660000,5730.660000,5730.660000,24170.204682
2017-10-26T17:28:00Z,btcusd,5707.680000,5707.680000,5707.680000,5707.680000,9426.233520
2017-10-26T17:29:00Z,btcusd,5717.600000,5717.600000,5717.600000,5717.600000,5384.263920
2017-10-26T17:30:00Z,btcusd,5759,5759,5759,5759,153.189400
2017-10-26T17:31:00Z,btcusd,5759,5759,5719.990000,5719.990000,5863.917183
2017-10-26T17:32:00Z,btcusd,5689.540000,5689.540000,5689.540000,5689.540000,1127.097874
2017-10-26T17:33:00Z,btcusd,5732.320000,5732.320000,5732.320000,5732.320000,17413.641696
2017-10-26T17:34:00Z,btcusd,5732.320000,5732.320000,5732.320000,5732.320000,0
2017-10-26T17:35:00Z,btcusd,5711.900000,5711.900000,5711.900000,5711.900000,24341.261850
2017-10-26T17:36:00Z,btcusd,5721.100000,5721.100000,5721.100000,5721.100000,5842.959430
2017-10-26T17:37:00Z,btcusd,5708.620000,5708.620000,5708.620000,5708.620000,5.708620
2017-10-26T17:38:00Z,btcusd,5726,5726,5726,5726,8547.200200
2017-10-26T17:39:00Z,btcusd,5726,5726,5726,5726,0
2017-10-26T17:40:00Z,btcusd,5714.280000,5714.280000,5714.280000,5714.280000,19010.838132
2017-10-26T17:41:00Z,btcusd,5711.310000,5711.310000,5711.310000,5711.310000,16317.212670
2017-10-26T17:42:00Z,btcusd,5700.590000,5700.590000,5700.590000,5700.590000,1062.589976
2017-10-26T17:43:00Z,btcusd,5700.590000,5700.590000,5700.590000,5700.590000,0
2017-10-26T17:44:00Z,btcusd,5686.700000,5686.700000,5686.700000,5686.700000,5.686700
2017-10-26T17:45:00Z,btcusd,5714.280000,5714.280000,5714.280000,5714.280000,2994.282720
2017-10-26T17:46:00Z,btcusd,5686.700000,5686.700000,5686.700000,5686.700000,11367.144630
2017-10-26T17:47:00Z,btcusd,5681.020000,5681.020000,5680.120000,5680.120000,5667.804182
2017-10-26T17:48:00Z,btcusd,5714.280000,5714.280000,5714.280000,5714.280000,13587.986412
2017-10-26T17:49:00Z,btcusd,5685.800000,5685.800000,5685.800000,5685.800000,7282.372640
2017-10-26T17:50:00Z,btcusd,5685.800000,5685.800000,5685.800000,5685.800000,15580.229160
2017-10-26T17:51:00Z,btcusd,5708.790000,5708.790000,5680.120000,5680.120000,28525.653202
2017-10-26T17:52:00Z,btcusd,5680.120000,5688.090000,5680.120000,5688.090000,7089.627406
2017-10-26T17:53:00Z,btcusd,5688.090000,5688.090000,5688.090000,5688.090000,0
2017-10-26T17:54:00Z,btcusd,5710.990000,5710.990000,5710.990000,5710.990000,20093.547216
2017-10-26T17:55:00Z,btcusd,5685.800000,5685.800000,5685.800000,5685.800000,21462.757840
2017-10-26T17:56:00Z,btcusd,5685.800000,5685.800000,5685.800000,5685.800000,5.685800
2017-10-26T17:57:00Z,btcusd,5714.280000,5714.280000,5714.280000,5714.280000,1889.140968
2017-10-26T17:58:00Z,btcusd,5714.280000,5714.280000,5714.280000,5714.280000,0
2017-10-26T17:59:00Z,btcusd,5714.280000,5714.280000,5714.280000,5714.280000,12217.702068
2017-10-26T18:00:00Z,btcusd,5714.280000,5714.280000,5714.280000,5714.280000,17457.125400
2017-10-26T18:01:00Z,btcusd,5690.810000,5690.810000,5690.810000,5690.810000,18795.038187
2017-10-26T18:02:00Z,btcusd,5694.510000,5694.510000,5694.510000,5694.510000,21878.876871
2017-10-26T18:03:00Z,btcusd,5694.510000,5694.510000,5694.510000,5694.510000,0
2017-10-26T18:04:00Z,btcusd,5690.810000,5690.810000,5690.810000,5690.810000,4702.316303
2017-10-26T18:05:00Z,btcusd,5690.810000,5690.810000,5690.810000,5690.810000,0
2017-10-26T18:06:00Z,btcusd,5695.120000,5695.120000,5695.120000,5695.120000,21249.062232
2017-10-26T18:07:00Z,btcusd,5690.820000,5690.820000,5690.820000,5690.820000,550.302294
2017-10-26T18:08:00Z,btcusd,5690.820000,5690.820000,5690.820000,5690.820000,32306.216058
2017-10-26T18:09:00Z,btcusd,5690.820000,5690.820000,5690.820000,5690.820000,0
2017-10-26T18:10:00Z,btcusd,5694.300000,5694.300000,5694.300000,5694.300000,5177.826990
2017-10-26T18:11:00Z,btcusd,5692.270000,5692.270000,5692.270000,5692.270000,38906.665450
2017-10-26T18:12:00Z,btcusd,5693.840000,5693.840000,5693.840000,5693.840000,5884.014256
2017-10-26T18:13:00Z,btcusd,5693.840000,5693.840000,5693.840000,5693.840000,0
2017-10-26T18:14:00Z,btcusd,5694.300000,5694.300000,5694.300000,5694.300000,1313.675010
2017-10-26T18:15:00Z,btcusd,5690.810000,5690.810000,5690.810000,5690.810000,5.690810
2017-10-26T18:16:00Z,btcusd,5700,5700,5700,5700,1527.600000
2017-10-26T18:17:00Z,btcusd,5694.300000,5694.300000,5694.300000,5694.300000,5.694300
2017-10-26T18:18:00Z,btcusd,5694.300000,5694.300000,5694.300000,5694.300000,9603.436950
2017-10-26T18:19:00Z,btcusd,5691.280000,5691.280000,5691.280000,5691.280000,18768.134056
2017-10-26T18:20:00Z,btcusd,5690.810000,5690.810000,5690.810000,5690.810000,375.024379
2017-10-26T18:21:00Z,btcusd,5690.810000,5690.810000,5690.810000,5690.810000,0
2017-10-26T18:22:00Z,btcusd,5690.810000,5690.810000,5690.810000,5690.810000,11047.000372
2017-10-26T18:23:00Z,btcusd,5690.810000,5690.810000,5690.810000,5690.810000,0
2017-10-26T18:24:00Z,btcusd,5690.810000,5700,5690.810000,5700,32147.400841
2017-10-26T18:25:00Z,btcusd,5694.300000,5694.300000,5694.300000,5694.300000,10528.760700
2017-10-26T18:26:00Z,btcusd,5694.300000,5694.300000,5694.300000,5694.300000,6685.677630
2017-10-26T18:27:00Z,btcusd,5694.300000,5694.300000,5694.300000,5694.300000,17092.010880
2017-10-26T18:28:00Z,btcusd,5690.810000,5690.810000,5690.810000,5690.810000,4014.297374
2017-10-26T18:29:00Z,btcusd,5690.810000,5690.810000,5690.810000,5690.810000,18715.366847
2017-10-26T18:30:00Z,btcusd,5690.810000,5690.810000,5690.810000,5690.810000,0
2017-10-26T18:31:00Z,btcusd,5694.300000,5694.300000,5694.300000,5694.300000,5.694300
2017-10-26T18:32:00Z,btcusd,5685.130000,5694.300000,5685.130000,5694.300000,19217.613291
2017-10-26T18:33:00Z,btcusd,5694.300000,5694.300000,5694.300000,5694.300000,1647.360990
2017-10-26T18:34:00Z,btcusd,5694.300000,5694.300000,5694.300000,5694.300000,6955.018020
2017-10-26T18:35:00Z,btcusd,5694.300000,5694.300000,5694.300000,5694.300000,0
2017-10-26T18:36:00Z,btcusd,5690.810000,5690.810000,5690.810000,5690.810000,26564.131999
2017-10-26T18:37:00Z,btcusd,5690.810000,5690.810000,5690.810000,5690.810000,16851.626572
2017-10-26T18:38:00Z,btcusd,5690.810000,5690.810000,5690.810000,5690.810000,0
2017-10-26T18:39:00Z,btcusd,5694.300000,5694.300000,5694.300000,5694.300000,5.694300
2017-10-26T18:40:00Z,btcusd,5690.810000,5690.810000,5690.810000,5690.810000,5.690810
2017-10-26T18:41:00Z,btcusd,5693.620000,5701,5693.620000,5701,5268.077256
2017-10-26T18:42:00Z,btcusd,5695.290000,5695.290000,5695.290000,5695.290000,14573.677581
2017-10-26T18:43:00Z,btcusd,5690.810000,5690.810000,5690.810000,5690.810000,19428.994421
2017-10-26T18:44:00Z,btcusd,5690.810000,5690.810000,5690.810000,5690.810000,0
2017-10-26T18:45:00Z,btcusd,5690.810000,5690.810000,5685.130000,5685.130000,11497.763021
2017-10-26T18:46:00Z,btcusd,5685.130000,5685.130000,5685.130000,5685.130000,0
2017-10-26T18:47:00Z,btcusd,5685.130000,5685.130000,5685.130000,5685.130000,0
2017-10-26T18:48:00Z,btcusd,5685.130000,5685.130000,5685.130000,5685.130000,0
2017-10-26T18:49:00Z,btcusd,5685.130000,5685.130000,5685.130000,5685.130000,0
2017-10-26T18:50:00Z,btcusd,5685.130000,5685.130000,5685.130000,5685.130000,0
2017-10-26T18:51:00Z,btcusd,5685.130000,5685.130000,5685.130000,5685.130000,0
2017-10-26T18:52:00Z,btcusd,5680.120000,5680.120000,5680.120000,5680.120000,1134.887976
2017-10-26T18:53:00Z,btcusd,5680.120000,5680.120000,5680.120000,5680.120000,0
2017-10-26T18:54:00Z,btcusd,5680.120000,5680.120000,5680.120000,5680.120000,0
2017-10-26T18:55:00Z,btcusd,5680.120000,5680.120000,5680.120000,5680.120000,0
2017-10-26T18:56:00Z,btcusd,5680.120000,5680.120000,5680.120000,5680.120000,0
2017-10-26T18:57:00Z,btcusd,5680.120000,5680.120000,5680.120000,5680.120000,0
2017-10-26T18:58:00Z,btcusd,5680.120000,5680.120000,5680.120000,5680.120000,0
2017-10-26T18:59:00Z,btcusd,5680.120000,5680.120000,5680.120000,5680.120000,30.104636
2017-10-26T19:00:00Z,btcusd,5680.120000,5680.120000,5680.120000,5680.120000,0
2017-10-26T19:01:00Z,btcusd,5680.120000,5680.120000,5680.120000,5680.120000,0
2017-10-26T19:02:00Z,btcusd,5680.120000,5680.120000,5680.120000,5680.120000,0
2017-10-26T19:03:00Z,btcusd,5685.130000,5685.130000,5685.130000,5685.130000,34.679293
2017-10-26T19:04:00Z,btcusd,5685.130000,5685.130000,5685.130000,5685.130000,0
2017-10-26T19:05:00Z,btcusd,5685.130000,5685.130000,5685.130000,5685.130000,0
2017-10-26T19:06:00Z,btcusd,5685.130000,5685.130000,5685.130000,5685.130000,0
2017-10-26T19:07:00Z,btcusd,5685.130000,5685.130000,5685.130000,5685.130000,0
2017-10-26T19:08:00Z,btcusd,5685.130000,5685.130000,5685.130000,5685.130000,0
2017-10-26T19:09:00Z,btcusd,5685.130000,5685.130000,5685.130000,5685.130000,0
2017-10-26T19:10:00Z,btcusd,5685.130000,5685.130000,5685.130000,5685.130000,617.973631
2017-10-26T19:11:00Z,btcusd,5694.300000,5694.300000,5694.300000,5694.300000,12796.800390
2017-10-26T19:12:00Z,btcusd,5694.300000,5694.300000,5694.300000,5694.300000,0
2017-10-26T19:13:00Z,btcusd,5700,5700,5694.300000,5694.300000,29254.015380
2017-10-26T19:14:00Z,btcusd,5685.800000,5685.800000,5685.800000,5685.800000,16822.576460
2017-10-26T19:15:00Z,btcusd,5685.800000,5685.800000,5685.800000,5685.800000,0
2017-10-26T19:16:00Z,btcusd,5685.800000,5685.800000,5685.800000,5685.800000,19564.269220
2017-10-26T19:17:00Z,btcusd,5689.680000,5689.680000,5689.680000,5689.680000,8916.297528
2017-10-26T19:18:00Z,btcusd,5694.300000,5694.300000,5694.300000,5694.300000,5.694300
2017-10-26T19:19:00Z,btcusd,5694.300000,5694.300000,5694.300000,5694.300000,24770.774430
2017-10-26T19:20:00Z,btcusd,5694.300000,5694.300000,5694.300000,5694.300000,21695.852430
2017-10-26T19:21:00Z,btcusd,5694.300000,5694.300000,5694.300000,5694.300000,0
2017-10-26T19:22:00Z,btcusd,5685.800000,5685.800000,5685.800000,5685.800000,16615.044760
2017-10-26T19:23:00Z,btcusd,5694.300000,5694.300000,5694.300000,5694.300000,5.694300
2017-10-26T19:24:00Z,btcusd,5680.120000,5694.300000,5680.120000,5680.120000,11420.942652
2017-10-26T19:25:00Z,btcusd,5685.800000,5685.800000,5685.800000,5685.800000,5.685800
2017-10-26T19:26:00Z,btcusd,5685.800000,5685.800000,5685.800000,5685.800000,5.685800
2017-10-26T19:27:00Z,btcusd,5693.300000,5693.300000,5693.300000,5693.300000,31524.940760
2017-10-26T19:28:00Z,btcusd,5693.300000,5693.300000,5693.300000,5693.300000,0
2017-10-26T19:29:00Z,btcusd,5685.800000,5685.800000,5685.800000,5685.800000,5.685800
2017-10-26T19:30:00Z,btcusd,5685.800000,5685.800000,5685.800000,5685.800000,3826.543400
2017-10-26T19:31:00Z,btcusd,5693.300000,5693.300000,5693.300000,5693.300000,2229.496280
2017-10-26T19:32:00Z,btcusd,5693.300000,5693.300000,5693.300000,5693.300000,0
2017-10-26T19:33:00Z,btcusd,5693.300000,5693.300000,5693.300000,5693.300000,9699.105880
2017-10-26T19:34:00Z,btcusd,5680.120000,5680.120000,5680.120000,5680.120000,558.923808
2017-10-26T19:35:00Z,btcusd,5680.120000,5680.120000,5680.120000,5680.120000,0
2017-10-26T19:36:00Z,btcusd,5680.120000,5680.120000,5680.120000,5680.120000,0
2017-10-26T19:37:00Z,btcusd,5693.300000,5693.300000,5693.300000,5693.300000,14589.081250
2017-10-26T19:38:00Z,btcusd,5693.300000,5693.300000,5693.300000,5693.300000,0
2017-10-26T19:39:00Z,btcusd,5693.300000,5693.300000,5693.300000,5693.300000,2536.365150
2017-10-26T19:40:00Z,btcusd,5699,5720,5699,5715,69284.956959
2017-10-26T19:41:00Z,btcusd,5715,5715,5715,5715,0
2017-10-26T19:42:00Z,btcusd,5685.680000,5685.680000,5685.680000,5685.680000,5.685680
2017-10-26T19:43:00Z,btcusd,5709.280000,5709.280000,5709.280000,5709.280000,14582.072048
2017-10-26T19:44:00Z,btcusd,5709.280000,5709.280000,5709.280000,5709.280000,6834.579088
2017-10-26T19:45:00Z,btcusd,5709.280000,5709.280000,5709.280000,5709.280000,0
2017-10-26T19:46:00Z,btcusd,5696.240000,5696.240000,5696.240000,5696.240000,12415.524704
2017-10-26T19:47:00Z,btcusd,5708.690000,5708.690000,5708.690000,5708.690000,6930.920529
2017-10-26T19:48:00Z,btcusd,5708.690000,5708.690000,5708.690000,5708.690000,0
2017-10-26T19:49:00Z,btcusd,5700.970000,5700.970000,5700.970000,5700.970000,5.700970
2017-10-26T19:50:00Z,btcusd,5700.970000,5700.970000,5700.970000,5700.970000,0
2017-10-26T19:51:00Z,btcusd,5702.590000,5702.590000,5697.460000,5697.460000,17431.750200
2017-10-26T19:52:00Z,btcusd,5697.460000,5697.460000,5697.460000,5697.460000,0
2017-10-26T19:53:00Z,btcusd,5709.280000,5709.280000,5709.280000,5709.280000,3680.772816
2017-10-26T19:54:00Z,btcusd,5709.280000,5709.280000,5709.280000,5709.280000,0
2017-10-26T19:55:00Z,btcusd,5701.390000,5701.390000,5701.390000,5701.390000,1726.380892
2017-10-26T19:56:00Z,btcusd,5709.280000,5709.280000,5709.280000,5709.280000,3238.874544
2017-10-26T19:57:00Z,btcusd,5694.040000,5694.040000,5684,5684,19845.953940
2017-10-26T19:58:00Z,btcusd,5684,5684,5684,5684,0
2017-10-26T19:59:00Z,btcusd,5685.680000,5685.680000,5685.680000,5685.680000,1353.760408
2017-10-26T20:00:00Z,btcusd,5697.690000,5697.690000,5697.690000,5697.690000,13269.920010
2017-10-26T20:01:00Z,btcusd,5697.690000,5697.690000,5697.690000,5697.690000,14624.830692
2017-10-26T20:02:00Z,btcusd,5697.690000,5697.690000,5697.690000,5697.690000,0
2017-10-26T20:03:00Z,btcusd,5709.280000,5709.280000,5709.280000,5709.280000,24366.636112
2017-10-26T20:04:00Z,btcusd,5705.530000,5705.530000,5705.530000,5705.530000,11946.809267
2017-10-26T20:05:00Z,btcusd,5709.280000,5709.280000,5709.280000,5709.280000,17505.794336
2017-10-26T20:06:00Z,btcusd,5715,5720,5715,5720,60462.263239
2017-10-26T20:07:00Z,btcusd,5720.710000,5720.710000,5720.710000,5720.710000,20102.002869
2017-10-26T20:08:00Z,btcusd,5729.100000,5729.100000,5723.370000,5729.100000,36390.747597
2017-10-26T20:09:00Z,btcusd,5729.100000,5729.100000,5650,5729.100000,69687.867755
2017-10-26T20:10:00Z,btcusd,5684.570000,5775,5684.570000,5775,32002.757658
2017-10-26T20:11:00Z,btcusd,5775,5775,5775,5775,173.250000
2017-10-26T20:12:00Z,btcusd,5780.770000,5780.770000,5775,5775,33232.335940
2017-10-26T20:13:00Z,btcusd,5775,5780.770000,5775,5775,6290.815592
2017-10-26T20:14:00Z,btcusd,5780.770000,5780.770000,5780.770000,5780.770000,7008.605548
2017-10-26T20:15:00Z,btcusd,5780.770000,5780.770000,5780.770000,5780.770000,15097.058932
2017-10-26T20:16:00Z,btcusd,5780.770000,5780.770000,5780.770000,5780.770000,13100.959051
2017-10-26T20:17:00Z,btcusd,5780.770000,5780.770000,5780.770000,5780.770000,0
2017-10-26T20:18:00Z,btcusd,5780.770000,5780.770000,5775,5775,3869.255770
2017-10-26T20:19:00Z,btcusd,5723.990000,5723.990000,5723.990000,5723.990000,2226.059711
2017-10-26T20:20:00Z,btcusd,5784.550000,5784.550000,5784.550000,5784.550000,26935.178620
2017-10-26T20:21:00Z,btcusd,5784.550000,5784.550000,5784.550000,5784.550000,0
2017-10-26T20:22:00Z,btcusd,5711.200000,5711.200000,5711.200000,5711.200000,5.711200
2017-10-26T20:23:00Z,btcusd,5740.350000,5794.200000,5740.350000,5794.200000,41266.644795
2017-10-26T20:24:00Z,btcusd,5794.200000,5794.200000,5794.200000,5794.200000,0
2017-10-26T20:25:00Z,btcusd,5740,5787.740000,5740,5787.740000,26848.461472
2017-10-26T20:26:00Z,btcusd,5773.390000,5773.390000,5773.390000,5773.390000,3611.832784
2017-10-26T20:27:00Z,btcusd,5773.390000,5773.390000,5773.390000,5773.390000,0
2017-10-26T20:28:00Z,btcusd,5794.200000,5794.200000,5794.200000,5794.200000,5.794200
2017-10-26T20:29:00Z,btcusd,5800,5800,5762.560000,5762.560000,14614.281856
2017-10-26T20:30:00Z,btcusd,5762.560000,5762.560000,5762.560000,5762.560000,0
2017-10-26T20:31:00Z,btcusd,5778.840000,5778.840000,5778.840000,5778.840000,4667.569068
2017-10-26T20:32:00Z,btcusd,5768.600000,5768.600000,5768.600000,5768.600000,5.768600
2017-10-26T20:33:00Z,btcusd,5768.600000,5768.600000,5768.600000,5768.600000,0
2017-10-26T20:34:00Z,btcusd,5768.600000,5768.600000,5768.600000,5768.600000,13429.877660
2017-10-26T20:35:00Z,btcusd,5775.680000,5775.680000,5775.680000,5775.680000,11371.736352
2017-10-26T20:36:00Z,btcusd,5794.200000,5794.200000,5794.200000,5794.200000,10865.863260
2017-10-26T20:37:00Z,btcusd,5786.250000,5786.250000,5786.250000,5786.250000,5.786250
2017-10-26T20:38:00Z,btcusd,5786.250000,5786.250000,5786.250000,5786.250000,0
2017-10-26T20:39:00Z,btcusd,5761.510000,5761.510000,5761.510000,5761.510000,10615.006024
2017-10-26T20:40:00Z,btcusd,5759.230000,5759.230000,5759.230000,5759.230000,5.759230
2017-10-26T20:41:00Z,btcusd,5759.230000,5759.230000,5759.230000,5759.230000,0
2017-10-26T20:42:00Z,btcusd,5790.610000,5790.610000,5790.610000,5790.610000,26628.699146
2017-10-26T20:43:00Z,btcusd,5790.610000,5790.610000,5790.610000,5790.610000,0
2017-10-26T20:44:00Z,btcusd,5755.750000,5755.750000,5755.750000,5755.750000,16421.730325
2017-10-26T20:45:00Z,btcusd,5769.270000,5769.270000,5769.270000,5769.270000,20321.676648
2017-10-26T20:46:00Z,btcusd,5766.590000,5766.590000,5766.590000,5766.590000,38539.850947
2017-10-26T20:47:00Z,btcusd,5766.590000,5766.590000,5766.590000,5766.590000,0
2017-10-26T20:48:00Z,btcusd,5755.750000,5755.750000,5755.750000,5755.750000,21131.660550
2017-10-26T20:49:00Z,btcusd,5794.200000,5794.200000,5794.200000,5794.200000,27472.619880
2017-10-26T20:50:00Z,btcusd,5794.200000,5794.200000,5794.200000,5794.200000,0
2017-10-26T20:51:00Z,btcusd,5765.860000,5765.860000,5765.860000,5765.860000,5.765860
2017-10-26T20:52:00Z,btcusd,5755.760000,5755.760000,5755.760000,5755.760000,18410.949512
2017-10-26T20:53:00Z,btcusd,5784.110000,5784.110000,5784.110000,5784.110000,19768.931158
2017-10-26T20:54:00Z,btcusd,5776.980000,5776.980000,5776.980000,5776.980000,16803.501726
2017-10-26T20:55:00Z,btcusd,5755.760000,5755.760000,5755.760000,5755.760000,18873.137040
2017-10-26T20:56:00Z,btcusd,5755.760000,5755.760000,5755.760000,5755.760000,0
2017-10-26T20:57:00Z,btcusd,5755.760000,5800,5755.760000,5800,7150.468672
2017-10-26T20:58:00Z,btcusd,5807.180000,5807.180000,5807.180000,5807.180000,2506.959606
2017-10-26T20:59:00Z,btcusd,5813,5813,5806.500000,5806.500000,18524.676300
2017-10-26T21:00:00Z,btcusd,5800.700000,5800.700000,5755,5758,19114.760000
2017-10-26T21:01:00Z,btcusd,5758,5758,5758,5758,6269.310400
2017-10-26T21:02:00Z,btcusd,5758,5778.100000,5758,5778.100000,14346.339600
2017-10-26T21:03:00Z,btcusd,5778.100000,5778.100000,5768.330000,5778.100000,11564.969979
2017-10-26T21:04:00Z,btcusd,5778.100000,5778.100000,5778.100000,5778.100000,0
2017-10-26T21:05:00Z,btcusd,5778.100000,5788,5775.020000,5788,29584.246740
2017-10-26T21:06:00Z,btcusd,5788,5788,5763.760000,5788,5790.686400
2017-10-26T21:07:00Z,btcusd,5788,5788,5777.640000,5788,36130.368272
2017-10-26T21:08:00Z,btcusd,5788,5788,5782.210000,5788,104.757010
2017-10-26T21:09:00Z,btcusd,5788,5788,5788,5788,230.941200
2017-10-26T21:10:00Z,btcusd,5788,5788,5781.770000,5788,1878.121371
2017-10-26T21:11:00Z,btcusd,5788,5807.180000,5788,5807.180000,13179.295180
2017-10-26T21:12:00Z,btcusd,5813,5813,5813,5813,646.405600
2017-10-26T21:13:00Z,btcusd,5813,5818.010000,5763.770000,5818.010000,17348.625525
2017-10-26T21:14:00Z,btcusd,5763.770000,5818.010000,5763.770000,5818.010000,20990.572679
2017-10-26T21:15:00Z,btcusd,5818.010000,5818.010000,5763.770000,5818.010000,22520.074526
2017-10-26T21:16:00Z,btcusd,5818.010000,5818.010000,5818.010000,5818.010000,9782.983815
2017-10-26T21:17:00Z,btcusd,5818.010000,5850,5818.010000,5850,23647.720007
2017-10-26T21:18:00Z,btcusd,5850,5850,5850,5850,0
2017-10-26T21:19:00Z,btcusd,5844.150000,5844.150000,5844.150000,5844.150000,20743.226010
2017-10-26T21:20:00Z,btcusd,5844.150000,5844.150000,5844.150000,5844.150000,5564.215215
2017-10-26T21:21:00Z,btcusd,5829.430000,5829.430000,5829.430000,5829.430000,21514.094358
2017-10-26T21:22:00Z,btcusd,5829.430000,5829.430000,5829.430000,5829.430000,0
2017-10-26T21:23:00Z,btcusd,5828.120000,5828.120000,5828.120000,5828.120000,8589.483256
2017-10-26T21:24:00Z,btcusd,5844.150000,5844.150000,5844.150000,5844.150000,23051.665260
2017-10-26T21:25:00Z,btcusd,5844.150000,5844.150000,5844.150000,5844.150000,0
2017-10-26T21:26:00Z,btcusd,5844.150000,5844.150000,5844.150000,5844.150000,0
2017-10-26T21:27:00Z,btcusd,5850,5850,5850,5850,26888.940000
2017-10-26T21:28:00Z,btcusd,5850,5850,5850,5850,3802.500000
2017-10-26T21:29:00Z,btcusd,5850,5850,5850,5850,79271.595000
2017-10-26T21:30:00Z,btcusd,5850,5850,5850,5850,0
2017-10-26T21:31:00Z,btcusd,5850,5850,5850,5850,0
2017-10-26T21:32:00Z,btcusd,5850,5850,5850,5850,0
2017-10-26T21:33:00Z,btcusd,5900,5900,5900,5900,147.500000
2017-10-26T21:34:00Z,btcusd,5900,5900,5900,5900,1175.870000
2017-10-26T21:35:00Z,btcusd,5900,5900,5880,5880,3674.648000
2017-10-26T21:36:00Z,btcusd,5880,5880,5880,5880,0
2017-10-26T21:37:00Z,btcusd,5880,5880,5880,5880,0
2017-10-26T21:38:00Z,btcusd,5959.990000,5960,5959.990000,5960,7458.930000
2017-10-26T21:39:00Z,btcusd,5960,5960,5960,5960,0
2017-10-26T21:40:00Z,btcusd,5901.920000,5901.920000,5901.920000,5901.920000,5.901920
2017-10-26T21:41:00Z,btcusd,5901.920000,5901.920000,5901.920000,5901.920000,0
2017-10-26T21:42:00Z,btcusd,5901.920000,5901.920000,5901.920000,5901.920000,0
2017-10-26T21:43:00Z,btcusd,5894.100000,5894.100000,5894.100000,5894.100000,6284.289420
2017-10-26T21:44:00Z,btcusd,5852,5852,5852,5852,643.720000
2017-10-26T21:45:00Z,btcusd,5855.850000,5855.850000,5855.850000,5855.850000,12181.924755
2017-10-26T21:46:00Z,btcusd,5855.850000,5855.850000,5855.850000,5855.850000,0
2017-10-26T21:47:00Z,btcusd,5855.850000,5855.850000,5855.850000,5855.850000,6085.984905
2017-10-26T21:48:00Z,btcusd,5855.850000,5855.850000,5855.850000,5855.850000,0
2017-10-26T21:49:00Z,btcusd,5855.850000,5855.850000,5855.850000,5855.850000,0
2017-10-26T21:50:00Z,btcusd,5877.290000,5877.290000,5877.290000,5877.290000,10329.337175
2017-10-26T21:51:00Z,btcusd,5899.900000,5899.900000,5899.900000,5899.900000,2946.410060
2017-10-26T21:52:00Z,btcusd,5894,5894,5894,5894,3437.970200
2017-10-26T21:53:00Z,btcusd,5894,5894,5894,5894,0
2017-10-26T21:54:00Z,btcusd,5860.850000,5860.850000,5860.850000,5860.850000,1012.168795
2017-10-26T21:55:00Z,btcusd,5860.850000,5860.850000,5860.850000,5860.850000,0
2017-10-26T21:56:00Z,btcusd,5876,5876,5860.850000,5860.850000,1096.181105
2017-10-26T21:57:00Z,btcusd,5899.900000,5900,5866,5866,813.320710
2017-10-26T21:58:00Z,btcusd,5866,5866,5850,5850,10623.843870
2017-10-26T21:59:00Z,btcusd,5885.880000,5885.880000,5885.880000,5885.880000,4159.551396
2017-10-26T22:00:00Z,btcusd,5884,5884,5884,5884,114.149600
2017-10-26T22:01:00Z,btcusd,5884,5884,5884,5884,0
2017-10-26T22:02:00Z,btcusd,5864.830000,5864.830000,5864.830000,5864.830000,2479.650124
2017-10-26T22:03:00Z,btcusd,5864.830000,5864.830000,5864.830000,5864.830000,0
2017-10-26T22:04:00Z,btcusd,5864.830000,5864.830000,5864.830000,5864.830000,0
2017-10-26T22:05:00Z,btcusd,5893.100000,5893.100000,5893.100000,5893.100000,1949.437480
2017-10-26T22:06:00Z,btcusd,5899,5899,5899,5899,148.654800
2017-10-26T22:07:00Z,btcusd,5875.880000,5875.880000,5875.880000,5875.880000,5688.439428
2017-10-26T22:08:00Z,btcusd,5899,5900,5899,5900,11798.623900
2017-10-26T22:09:00Z,btcusd,5900,5900,5894.100000,5894.100000,9024.008110
2017-10-26T22:10:00Z,btcusd,5900,5900,5900,5900,784.110000
2017-10-26T22:11:00Z,btcusd,5900,5900,5900,5900,0
2017-10-26T22:12:00Z,btcusd,5916.220000,5916.220000,5916.220000,5916.220000,3533.166584
2017-10-26T22:13:00Z,btcusd,5916.220000,5916.220000,5916.220000,5916.220000,0
2017-10-26T22:14:00Z,btcusd,5910.120000,5910.120000,5910.120000,5910.120000,6005.863944
2017-10-26T22:15:00Z,btcusd,5910.120000,5910.120000,5910.120000,5910.120000,0
2017-10-26T22:16:00Z,btcusd,5910.120000,5910.120000,5910.120000,5910.120000,0
2017-10-26T22:17:00Z,btcusd,5910.120000,5910.120000,5910.120000,5910.120000,0
2017-10-26T22:18:00Z,btcusd,5934.040000,5935,5934.040000,5935,13097.559080
2017-10-26T22:19:00Z,btcusd,5935,5935,5926.370000,5926.370000,4653.412477
2017-10-26T22:20:00Z,btcusd,5926.370000,5926.370000,5926.370000,5926.370000,0
2017-10-26T22:21:00Z,btcusd,5926.370000,5926.370000,5926.370000,5926.370000,0
2017-10-26T22:22:00Z,btcusd,5924.070000,5924.070000,5924.070000,5924.070000,5.924070
2017-10-26T22:23:00Z,btcusd,5924.070000,5924.070000,5924.070000,5924.070000,0
2017-10-26T22:24:00Z,btcusd,5924.070000,5924.070000,5924.070000,5924.070000,0
2017-10-26T22:25:00Z,btcusd,5914.080000,5920,5914.080000,5920,7640.455008
2017-10-26T22:26:00Z,btcusd,5920,5920,5914.080000,5914.080000,7873.514160
2017-10-26T22:27:00Z,btcusd,5914.080000,5914.080000,5914.080000,5914.080000,0
2017-10-26T22:28:00Z,btcusd,5920,5920,5914.070000,5914.070000,5029.374940
2017-10-26T22:29:00Z,btcusd,5919.990000,5919.990000,5919.990000,5919.990000,49.727916
2017-10-26T22:30:00Z,btcusd,5905.900000,5905.900000,5905.900000,5905.900000,14128.093980
2017-10-26T22:31:00Z,btcusd,5906,5906,5906,5906,387.433600
2017-10-26T22:32:00Z,btcusd,5906,5906,5906,5906,0
2017-10-26T22:33:00Z,btcusd,5906,5906,5900,5900,7125.111200
2017-10-26T22:34:00Z,btcusd,5879.280000,5879.280000,5879.280000,5879.280000,4184.871504
2017-10-26T22:35:00Z,btcusd,5879.280000,5879.280000,5879.280000,5879.280000,0
2017-10-26T22:36:00Z,btcusd,5877.310000,5877.310000,5877.310000,5877.310000,8225.883076
2017-10-26T22:37:00Z,btcusd,5850.030000,5850.030000,5850.030000,5850.030000,1143.680865
2017-10-26T22:38:00Z,btcusd,5850.030000,5850.030000,5850.030000,5850.030000,0
2017-10-26T22:39:00Z,btcusd,5894.100000,5894.100000,5894.100000,5894.100000,4562.622810
2017-10-26T22:40:00Z,btcusd,5894.100000,5894.100000,5894.100000,5894.100000,0
2017-10-26T22:41:00Z,btcusd,5894.100000,5894.100000,5894.100000,5894.100000,0
2017-10-26T22:42:00Z,btcusd,5859.550000,5859.550000,5859.550000,5859.550000,6451.950505
2017-10-26T22:43:00Z,btcusd,5859.550000,5859.550000,5859.550000,5859.550000,0
2017-10-26T22:44:00Z,btcusd,5859.550000,5859.550000,5859.550000,5859.550000,0
2017-10-26T22:45:00Z,btcusd,5891.980000,5891.980000,5891.980000,5891.980000,13436.660390
2017-10-26T22:46:00Z,btcusd,5891.980000,5891.980000,5891.980000,5891.980000,0
2017-10-26T22:47:00Z,btcusd,5891.980000,5891.980000,5891.980000,5891.980000,0
2017-10-26T22:48:00Z,btcusd,5855.850000,5855.850000,5855.850000,5855.850000,3230.672445
2017-10-26T22:49:00Z,btcusd,5855.850000,5855.850000,5855.850000,5855.850000,0
2017-10-26T22:50:00Z,btcusd,5855.850000,5855.850000,5855.850000,5855.850000,0
2017-10-26T22:51:00Z,btcusd,5881.480000,5881.480000,5881.480000,5881.480000,1068.664916
2017-10-26T22:52:00Z,btcusd,5881.480000,5881.480000,5881.480000,5881.480000,0
2017-10-26T22:53:00Z,btcusd,5881.480000,5881.480000,5881.480000,5881.480000,0
2017-10-26T22:54:00Z,btcusd,5892.530000,5892.530000,5892.530000,5892.530000,5.892530
2017-10-26T22:55:00Z,btcusd,5892.530000,5892.530000,5892.530000,5892.530000,0
2017-10-26T22:56:00Z,btcusd,5857.850000,5857.850000,5857.850000,5857.850000,14981.451375
2017-10-26T22:57:00Z,btcusd,5857.850000,5857.850000,5857.850000,5857.850000,0
2017-10-26T22:58:00Z,btcusd,5866.520000,5866.520000,5866.520000,5866.520000,9494.375968
2017-10-26T22:59:00Z,btcusd,5866.520000,5866.520000,5866.520000,5866.520000,0
2017-10-26T23:00:00Z,btcusd,5887.230000,5887.230000,5887.230000,5887.230000,9589.708947
2017-10-26T23:01:00Z,btcusd,5887.230000,5887.230000,5887.230000,5887.230000,0
2017-10-26T23:02:00Z,btcusd,5887.230000,5887.230000,5887.230000,5887.230000,0
2017-10-26T23:03:00Z,btcusd,5899.870000,5899.900000,5899.870000,5899.900000,6611.397940
2017-10-26T23:04:00Z,btcusd,5899.900000,5899.900000,5899.900000,5899.900000,5213.151640
2017-10-26T23:05:00Z,btcusd,5899.900000,5899.900000,5899.900000,5899.900000,0
2017-10-26T23:06:00Z,btcusd,5893.990000,5893.990000,5893.990000,5893.990000,12413.921738
2017-10-26T23:07:00Z,btcusd,5893.990000,5893.990000,5893.990000,5893.990000,0
2017-10-26T23:08:00Z,btcusd,5894.100000,5894.100000,5894.100000,5894.100000,14555.479950
2017-10-26T23:09:00Z,btcusd,5894.100000,5894.100000,5894.100000,5894.100000,0
2017-10-26T23:10:00Z,btcusd,5880,5880,5880,5880,380.436000
2017-10-26T23:11:00Z,btcusd,5880,5880,5880,5880,0
2017-10-26T23:12:00Z,btcusd,5880,5880,5880,5880,0
2017-10-26T23:13:00Z,btcusd,5861,5862,5861,5862,61953.549800
2017-10-26T23:14:00Z,btcusd,5874.080000,5874.080000,5874.080000,5874.080000,13456.342464
2017-10-26T23:15:00Z,btcusd,5874.080000,5874.080000,5874.080000,5874.080000,0
2017-10-26T23:16:00Z,btcusd,5867.870000,5867.870000,5867.870000,5867.870000,11242.252133
2017-10-26T23:17:00Z,btcusd,5867.870000,5867.870000,5867.870000,5867.870000,0
2017-10-26T23:18:00Z,btcusd,5874.120000,5874.120000,5874.120000,5874.120000,1351.635012
2017-10-26T23:19:00Z,btcusd,5880,5892,5880,5892,62260.558800
2017-10-26T23:20:00Z,btcusd,5891.960000,5891.960000,5891.960000,5891.960000,121.374376
2017-10-26T23:21:00Z,btcusd,5886.100000,5886.100000,5886.100000,5886.100000,6964.433520
2017-10-26T23:22:00Z,btcusd,5886.100000,5886.100000,5886.100000,5886.100000,0
2017-10-26T23:23:00Z,btcusd,5886.030000,5886.030000,5886.030000,5886.030000,431.445999
2017-10-26T23:24:00Z,btcusd,5886.030000,5886.030000,5886.030000,5886.030000,0
2017-10-26T23:25:00Z,btcusd,5886.100000,5886.100000,5886.100000,5886.100000,5.886100
2017-10-26T23:26:00Z,btcusd,5886.100000,5886.100000,5886.100000,5886.100000,0
2017-10-26T23:27:00Z,btcusd,5886.100000,5886.100000,5886.100000,5886.100000,0
2017-10-26T23:28:00Z,btcusd,5867.860000,5867.860000,5862,5862,43.384660
2017-10-26T23:29:00Z,btcusd,5862,5862,5862,5862,0
2017-10-26T23:30:00Z,btcusd,5867.860000,5867.860000,5867.860000,5867.860000,2052.577428
2017-10-26T23:31:00Z,btcusd,5867.860000,5867.860000,5867.860000,5867.860000,0
2017-10-26T23:32:00Z,btcusd,5867.860000,5867.860000,5867.860000,5867.860000,0
2017-10-26T23:33:00Z,btcusd,5877.140000,5877.140000,5877.140000,5877.140000,4603.563762
2017-10-26T23:34:00Z,btcusd,5877.140000,5877.140000,5877.140000,5877.140000,0
2017-10-26T23:35:00Z,btcusd,5867.860000,5867.860000,5867.860000,5867.860000,5637.839888
2017-10-26T23:36:00Z,btcusd,5867.860000,5867.860000,5867.860000,5867.860000,0
2017-10-26T23:37:00Z,btcusd,5867.860000,5867.860000,5867.860000,5867.860000,7697.458748
2017-10-26T23:38:00Z,btcusd,5892,5892,5892,5892,142.586400
2017-10-26T23:39:00Z,btcusd,5892,5892,5892,5892,0
2017-10-26T23:40:00Z,btcusd,5871.860000,5871.860000,5871.860000,5871.860000,9855.917010
2017-10-26T23:41:00Z,btcusd,5878.960000,5878.960000,5878.960000,5878.960000,5.878960
2017-10-26T23:42:00Z,btcusd,5878.960000,5878.960000,5878.960000,5878.960000,0
2017-10-26T23:43:00Z,btcusd,5878.960000,5878.960000,5878.960000,5878.960000,0
2017-10-26T23:44:00Z,btcusd,5875.870000,5875.870000,5875.870000,5875.870000,1977.817842
2017-10-26T23:45:00Z,btcusd,5875.870000,5875.870000,5875.870000,5875.870000,0
2017-10-26T23:46:00Z,btcusd,5892,5892,5886.100000,5886.100000,7849.151520
2017-10-26T23:47:00Z,btcusd,5886.100000,5886.100000,5886.100000,5886.100000,0
2017-10-26T23:48:00Z,btcusd,5886.100000,5886.100000,5886.100000,5886.100000,0
2017-10-26T23:49:00Z,btcusd,5885.280000,5885.280000,5885.280000,5885.280000,11071.977264
2017-10-26T23:50:00Z,btcusd,5885.280000,5885.280000,5885.280000,5885.280000,0
2017-10-26T23:51:00Z,btcusd,5886.100000,5886.100000,5886.100000,5886.100000,5.886100
2017-10-26T23:52:00Z,btcusd,5886.100000,5886.100000,5886.100000,5886.100000,0
2017-10-26T23:53:00Z,btcusd,5870,5875.870000,5870,5875.870000,10556.529342
2017-10-26T23:54:00Z,btcusd,5875.870000,5875.870000,5875.870000,5875.870000,0
2017-10-26T23:55:00Z,btcusd,5882.480000,5882.480000,5882.480000,5882.480000,5.882480
2017-10-26T23:56:00Z,btcusd,5882.480000,5882.480000,5882.480000,5882.480000,0
2017-10-26T23:57:00Z,btcusd,5886.100000,5886.100000,5886.100000,5886.100000,2233.774950
2017-10-26T23:58:00Z,btcusd,5886.100000,5886.100000,5886.100000,5886.100000,0
2017-10-26T23:59:00Z,btcusd,5886.100000,5886.100000,5886.100000,5886.100000,4655.316490
